date,actual_temp,actual_precip,actual_wind,forecast_3d_temp,forecast_3d_precip,forecast_14d_temp,forecast_14d_precip
2024-01-01,1.3,13.2,16.4,2.0,11.2,0.6,6.4
2024-01-02,-0.2,1.4,16.8,-0.4,2.2,-3.2,2.3
2024-01-03,-2.1,5.4,22.9,-1.1,2.0,-4.1,2.1
2024-01-04,-3.0,3.2,19.1,-0.7,5.3,-0.9,5.3
2024-01-05,-3.2,0.0,20.1,-3.6,0.9,2.6,0.1
2024-01-06,-3.2,0.0,11.8,-3.6,0.5,-1.8,0.0
2024-01-07,-10.2,0.0,15.9,-7.8,2.0,-14.4,2.4
2024-01-08,-12.6,0.0,15.6,-11.4,3.3,-11.0,9.0
2024-01-09,-3.7,0.0,16.3,-4.4,2.0,0.5,0.0
2024-01-10,-0.8,0.0,20.2,0.0,0.0,-2.9,3.6
2024-01-11,2.2,0.1,22.2,1.5,0.0,1.7,0.0
2024-01-12,1.3,2.5,27.1,0.6,1.3,1.4,0.0
2024-01-13,0.9,3.3,24.2,1.3,3.4,-1.8,5.7
2024-01-14,1.1,4.4,24.8,-1.8,5.4,3.4,11.8
2024-01-15,0.4,3.9,31.0,-2.2,2.4,-0.0,5.7
2024-01-16,-3.5,0.7,36.4,-4.3,1.1,-2.0,0.0
2024-01-17,-3.3,0.2,23.2,-4.8,0.0,-6.4,0.2
2024-01-18,-1.1,1.9,18.6,-0.6,0.7,-2.6,0.0
2024-01-19,-2.1,0.0,23.0,-3.5,0.0,0.4,3.0
2024-01-20,1.0,9.3,34.5,-1.1,7.5,-0.3,13.7
2024-01-21,-0.1,0.0,26.4,2.1,0.0,5.9,0.0
2024-01-22,3.0,0.9,29.8,2.7,0.0,1.6,0.0
2024-01-23,3.0,1.4,24.9,3.1,3.5,3.8,2.7
2024-01-24,4.8,7.5,31.2,2.7,5.6,8.1,5.3
2024-01-25,4.0,2.2,27.9,3.2,7.5,-1.0,1.9
2024-01-26,1.0,2.6,18.8,1.2,3.6,-5.2,13.1
2024-01-27,3.3,4.9,21.7,1.6,5.3,-2.0,3.7
2024-01-28,4.0,0.0,15.0,4.6,0.0,8.4,0.0
2024-01-29,3.8,0.0,19.4,2.9,1.4,1.9,0.0
2024-01-30,5.1,0.0,17.0,4.7,0.0,14.1,3.7
2024-01-31,6.1,0.1,19.1,5.2,0.3,4.1,0.0
2024-02-01,4.3,3.4,30.5,7.1,8.5,4.9,0.2
2024-02-02,3.2,1.5,24.6,3.2,1.3,8.6,8.1
2024-02-03,8.8,0.6,35.7,7.2,2.9,15.8,7.7
2024-02-04,4.2,7.0,34.4,5.4,5.6,11.4,4.0
2024-02-05,3.8,7.5,34.0,2.0,7.4,8.0,0.0
2024-02-06,6.8,17.9,31.7,7.1,21.4,10.4,22.9
2024-02-07,7.1,6.2,35.0,4.2,4.9,9.2,2.8
2024-02-08,0.9,0.4,15.3,-1.1,4.0,3.6,4.4
2024-02-09,1.9,2.2,20.9,2.2,3.6,-0.0,0.0
2024-02-10,2.5,0.7,19.6,3.6,0.0,-0.4,5.2
2024-02-11,3.6,3.4,17.2,3.9,4.7,3.6,0.0
2024-02-12,7.7,4.9,16.3,7.5,6.8,7.1,8.6
2024-02-13,4.7,1.8,20.0,4.2,3.0,3.1,1.9
2024-02-14,6.8,0.0,12.9,4.6,0.0,9.2,0.0
2024-02-15,5.8,0.4,17.7,4.7,0.0,9.1,0.0
2024-02-16,10.5,0.0,22.0,9.8,0.0,10.8,3.4
2024-02-17,8.3,3.0,23.0,9.9,2.9,13.5,3.5
2024-02-18,3.7,0.1,16.0,4.2,1.3,-0.3,3.0
2024-02-19,3.1,5.8,21.9,0.5,6.2,2.4,15.7
2024-02-20,3.6,3.5,17.3,4.1,0.8,1.1,0.0
2024-02-21,5.9,4.7,19.1,5.3,5.5,-0.6,12.8
2024-02-22,8.4,2.6,21.4,7.4,3.8,8.1,3.1
2024-02-23,9.4,5.6,22.7,10.3,6.7,9.0,1.1
2024-02-24,9.1,2.8,29.6,10.6,5.0,14.4,0.0
2024-02-25,9.8,0.0,13.5,11.2,1.7,12.0,0.0
2024-02-26,11.8,0.4,9.8,10.5,1.3,8.2,5.0
2024-02-27,12.1,2.4,9.5,11.6,2.3,18.6,1.8
2024-02-28,8.0,4.3,11.4,8.5,1.0,12.3,11.9
2024-02-29,6.7,0.0,15.9,8.2,0.9,8.7,0.0
2024-03-01,13.0,0.0,21.1,12.3,0.4,12.2,0.0
2024-03-02,10.6,0.0,17.2,10.3,0.5,7.2,0.0
2024-03-03,9.1,0.1,20.8,7.4,0.0,7.8,1.9
2024-03-04,6.2,0.1,19.4,4.4,0.0,10.0,4.5
2024-03-05,6.0,0.7,24.1,7.2,2.8,12.6,0.0
2024-03-06,5.6,0.0,20.9,7.6,0.0,11.0,0.0
2024-03-07,5.7,0.0,11.3,5.6,1.4,4.0,1.0
2024-03-08,4.6,0.0,9.5,6.1,0.1,0.7,2.2
2024-03-09,5.8,0.0,12.3,6.3,0.1,6.3,2.0
2024-03-10,6.8,0.0,23.9,5.8,1.9,0.6,6.2
2024-03-11,5.6,1.1,26.4,6.1,0.1,6.7,0.0
2024-03-12,5.9,0.5,20.5,8.2,0.7,5.4,3.9
2024-03-13,5.3,0.6,9.8,5.2,0.0,3.7,6.6
2024-03-14,10.4,0.1,14.4,12.7,0.0,4.8,0.0
2024-03-15,9.8,0.0,20.5,5.9,0.0,11.6,1.6
2024-03-16,14.3,1.2,19.3,15.5,1.6,12.4,0.0
2024-03-17,5.3,0.8,26.9,5.4,0.0,1.2,0.4
2024-03-18,4.8,2.5,19.9,4.4,5.0,-5.3,4.2
2024-03-19,6.4,0.0,18.9,6.5,0.0,6.3,0.0
2024-03-20,5.8,0.0,9.2,2.8,0.0,12.0,0.0
2024-03-21,8.2,4.9,16.7,7.9,4.0,14.0,5.1
2024-03-22,7.6,1.0,19.4,8.1,3.9,6.0,0.0
2024-03-23,8.2,6.4,22.2,10.4,6.8,6.1,1.0
2024-03-24,6.2,1.9,17.4,5.4,4.0,7.8,5.3
2024-03-25,8.9,0.4,12.0,7.7,0.0,5.4,0.0
2024-03-26,9.9,0.0,18.1,9.1,0.5,11.0,3.3
2024-03-27,14.4,0.0,25.8,15.8,1.8,17.1,2.3
2024-03-28,16.6,4.3,25.8,17.1,4.5,20.9,0.0
2024-03-29,14.1,0.1,22.7,13.3,2.2,13.7,0.0
2024-03-30,20.2,0.0,17.7,21.0,0.0,19.5,6.0
2024-03-31,22.3,0.0,17.9,22.4,2.8,19.2,0.0
2024-04-01,20.1,0.0,16.3,21.6,4.6,17.2,0.0
2024-04-02,13.6,7.2,33.2,12.5,6.5,12.8,9.5
2024-04-03,7.3,0.7,34.6,6.8,0.0,8.6,4.6
2024-04-04,8.1,3.6,17.4,7.5,6.5,11.3,2.3
2024-04-05,13.9,4.7,20.9,11.7,7.9,11.1,1.7
2024-04-06,16.2,5.6,28.5,16.6,4.6,21.4,12.7
2024-04-07,20.6,0.0,21.6,21.0,0.0,19.7,8.7
2024-04-08,22.5,0.0,13.7,22.5,0.0,22.4,4.9
2024-04-09,24.8,0.0,15.5,24.4,0.0,22.2,0.4
2024-04-10,15.0,0.0,23.0,12.9,0.0,6.5,0.0
2024-04-11,15.2,0.0,20.3,14.6,0.0,18.3,0.0
2024-04-12,16.2,1.4,22.3,15.7,0.0,18.8,4.0
2024-04-13,15.4,0.5,21.9,14.2,0.4,14.4,2.6
2024-04-14,15.2,5.5,29.8,15.0,6.0,15.4,12.5
2024-04-15,10.9,0.3,23.1,11.5,3.4,12.7,3.6
2024-04-16,9.4,9.2,36.2,12.2,7.2,3.9,1.7
2024-04-17,7.6,0.9,16.1,7.9,2.9,5.7,6.2
2024-04-18,7.1,2.3,20.0,7.5,1.9,9.9,0.0
2024-04-19,8.5,3.1,16.6,8.4,3.0,4.1,1.2
2024-04-20,5.0,6.6,19.5,2.1,7.9,6.0,7.9
2024-04-21,6.7,0.0,23.5,6.7,0.0,2.0,10.0
2024-04-22,5.3,0.7,28.0,5.4,1.5,6.9,16.2
2024-04-23,5.6,0.3,18.2,9.3,0.6,5.5,3.3
2024-04-24,6.4,1.9,18.6,6.1,2.9,0.7,1.0
2024-04-25,10.3,0.2,16.3,10.8,0.8,14.4,2.9
2024-04-26,12.4,0.1,18.3,12.3,5.0,9.8,4.5
2024-04-27,16.6,0.2,17.7,14.8,0.0,13.8,0.0
2024-04-28,20.6,0.0,16.0,22.3,0.0,21.3,9.0
2024-04-29,23.4,0.0,20.2,24.5,0.0,27.4,1.2
2024-04-30,22.3,0.0,18.5,23.5,0.0,18.7,2.5
2024-05-01,24.0,0.0,15.7,22.6,0.0,24.2,3.3
2024-05-02,23.6,0.0,19.9,25.7,2.4,25.1,2.1
2024-05-03,23.9,0.0,15.2,21.8,2.8,26.3,4.2
2024-05-04,25.0,0.0,11.6,25.9,0.0,25.6,0.0
2024-05-05,24.2,0.1,13.0,27.5,0.0,22.9,0.0
2024-05-06,19.5,0.3,21.3,18.0,1.2,16.6,0.0
2024-05-07,13.4,0.2,23.7,12.6,0.0,13.7,2.4
2024-05-08,12.9,0.0,14.4,13.0,1.3,9.1,3.9
2024-05-09,16.8,0.0,11.2,16.0,0.4,6.6,2.3
2024-05-10,14.6,3.5,23.3,12.3,0.5,16.1,11.9
2024-05-11,13.2,0.0,15.0,13.3,3.1,16.4,0.0
2024-05-12,15.4,0.0,12.6,13.8,3.6,7.1,3.3
2024-05-13,18.4,0.0,11.3,19.1,0.0,14.9,0.0
2024-05-14,19.4,0.0,11.7,18.0,0.0,21.6,0.0
2024-05-15,19.3,0.0,20.5,21.6,0.6,26.5,3.5
2024-05-16,19.2,0.0,24.5,18.0,0.7,19.3,4.2
2024-05-17,20.9,0.0,21.1,20.4,1.3,18.4,0.0
2024-05-18,24.0,0.0,16.3,25.2,4.0,23.4,0.0
2024-05-19,24.2,0.0,19.6,22.4,0.0,29.0,0.0
2024-05-20,23.2,0.5,11.5,23.5,0.0,20.9,0.0
2024-05-21,23.8,1.8,16.3,25.8,0.0,21.0,6.3
2024-05-22,25.5,0.0,21.3,23.1,0.0,23.8,2.9
2024-05-23,25.5,3.7,24.2,25.8,3.6,22.2,6.2
2024-05-24,27.2,0.1,21.7,27.6,3.7,27.6,0.3
2024-05-25,24.2,5.4,16.1,25.4,4.4,29.9,5.4
2024-05-26,25.2,0.1,18.0,23.3,0.5,26.3,0.0
2024-05-27,27.8,0.0,15.7,25.8,0.0,26.9,3.5
2024-05-28,28.5,0.0,16.3,29.3,2.4,27.5,2.1
2024-05-29,25.6,2.5,17.1,26.0,7.6,20.1,5.0
2024-05-30,26.6,1.9,18.7,27.0,0.8,29.7,0.0
2024-05-31,23.5,0.4,10.4,24.0,0.0,23.2,0.0
2024-06-01,24.0,1.0,13.7,23.0,3.1,23.4,6.5
2024-06-02,23.0,4.9,15.5,23.3,6.3,34.2,2.5
2024-06-03,23.5,0.5,15.7,23.9,4.2,24.5,0.0
2024-06-04,21.9,0.0,11.7,20.8,1.2,19.3,3.5
2024-06-05,23.5,0.4,15.4,26.3,0.0,22.0,0.0
2024-06-06,20.5,1.3,13.8,21.2,2.5,24.5,6.6
2024-06-07,20.7,0.0,16.9,18.9,2.2,21.1,3.1
2024-06-08,21.2,0.0,18.7,22.2,1.6,16.2,3.4
2024-06-09,20.7,1.2,21.5,19.2,2.2,23.9,0.0
2024-06-10,22.2,0.6,16.9,23.4,2.7,19.9,6.7
2024-06-11,22.3,0.2,28.8,24.0,2.5,28.9,1.5
2024-06-12,18.9,0.0,18.9,17.7,2.8,22.7,0.0
2024-06-13,19.4,0.0,10.5,20.8,1.3,17.8,0.7
2024-06-14,18.7,0.0,10.5,19.3,0.0,23.2,0.0
2024-06-15,22.7,0.1,17.1,23.9,0.4,22.9,2.1
2024-06-16,25.5,0.1,18.2,28.3,2.5,28.5,0.0
2024-06-17,25.4,0.7,13.4,25.0,0.0,27.1,0.0
2024-06-18,26.5,0.0,18.1,25.4,0.7,23.5,0.0
2024-06-19,25.2,7.0,27.1,23.9,6.2,22.9,12.6
2024-06-20,22.1,0.3,24.9,20.9,0.4,25.7,0.0
2024-06-21,25.4,0.0,11.2,25.3,2.6,24.2,7.7
2024-06-22,27.8,12.8,22.6,28.3,13.2,26.4,10.1
2024-06-23,18.1,1.6,23.9,18.5,1.7,14.8,0.0
2024-06-24,20.9,0.6,21.1,22.1,0.0,22.4,0.0
2024-06-25,25.8,0.2,10.2,25.8,1.7,33.0,6.4
2024-06-26,27.6,0.0,12.7,29.8,1.3,23.9,0.0
2024-06-27,30.8,0.0,19.1,30.4,4.3,30.9,0.0
2024-06-28,31.5,2.4,21.5,35.6,1.8,36.4,3.2
2024-06-29,25.6,0.0,14.3,26.5,0.4,25.3,2.5
2024-06-30,32.4,0.0,29.3,31.1,0.5,34.0,5.6
2024-07-01,23.4,5.2,18.3,21.8,8.4,19.7,12.4
2024-07-02,17.9,12.4,16.6,18.6,12.2,19.4,10.6
2024-07-03,20.0,1.6,19.3,19.7,2.2,19.3,0.0
2024-07-04,21.5,0.2,14.8,22.6,1.4,25.0,0.0
2024-07-05,20.4,1.5,21.9,21.1,1.9,24.6,2.8
2024-07-06,26.8,0.0,20.9,26.7,0.0,35.9,0.0
2024-07-07,22.8,3.0,21.5,21.5,3.4,24.8,0.0
2024-07-08,24.5,0.7,8.8,22.2,2.8,25.6,2.4
2024-07-09,28.0,0.8,15.3,27.3,0.0,28.7,0.6
2024-07-10,31.6,0.0,24.7,32.9,0.3,30.4,0.2
2024-07-11,29.2,10.3,24.0,29.5,8.9,30.4,6.5
2024-07-12,26.2,0.1,15.0,24.3,2.5,25.2,0.0
2024-07-13,25.9,9.6,28.2,26.2,6.6,26.5,5.0
2024-07-14,23.6,2.5,9.5,24.2,1.4,28.2,7.0
2024-07-15,26.0,0.9,9.7,24.7,1.7,22.5,6.1
2024-07-16,30.9,5.2,21.2,31.1,8.3,34.9,0.0
2024-07-17,27.0,0.0,16.6,27.1,0.0,31.6,0.0
2024-07-18,24.0,0.6,18.8,22.3,0.0,23.6,0.0
2024-07-19,23.6,0.0,14.8,24.1,3.8,16.2,0.0
2024-07-20,25.0,0.0,9.9,25.8,0.0,22.9,0.0
2024-07-21,26.5,0.0,9.4,28.1,0.0,31.0,0.0
2024-07-22,28.7,0.1,12.1,30.3,1.0,28.6,0.0
2024-07-23,23.8,1.9,15.6,21.7,0.9,20.3,0.0
2024-07-24,24.4,0.6,12.7,23.0,0.0,22.6,1.6
2024-07-25,23.2,3.5,14.4,24.0,4.9,26.1,3.8
2024-07-26,23.7,0.9,11.9,24.5,1.4,25.6,0.0
2024-07-27,26.5,0.0,9.9,27.3,0.0,25.7,0.9
2024-07-28,23.4,5.2,40.8,29.2,2.6,22.1,2.5
2024-07-29,21.4,0.5,37.7,22.3,2.2,20.0,0.0
2024-07-30,23.4,0.0,22.5,25.1,1.3,20.2,8.4
2024-07-31,23.9,0.0,14.4,25.3,0.0,29.6,6.7
2024-08-01,24.1,0.0,16.9,25.1,3.7,23.0,0.0
2024-08-02,22.5,0.1,11.4,22.0,0.0,26.8,4.2
2024-08-03,23.0,0.0,15.8,24.1,0.0,28.3,4.1
2024-08-04,24.7,2.5,15.2,23.5,1.1,28.2,0.0
2024-08-05,21.1,4.1,15.3,20.7,4.0,19.6,8.2
2024-08-06,23.9,0.3,14.5,23.2,0.8,25.3,8.0
2024-08-07,24.1,0.7,9.4,24.2,0.2,24.0,0.0
2024-08-08,25.4,0.8,10.6,28.9,1.5,22.2,0.0
2024-08-09,24.4,1.9,15.2,21.6,0.0,25.5,7.0
2024-08-10,22.4,4.9,21.0,23.4,7.8,18.3,6.3
2024-08-11,21.8,0.5,28.8,19.4,0.3,26.0,3.3
2024-08-12,21.0,0.1,23.9,20.3,2.3,19.4,1.8
2024-08-13,22.5,0.0,11.6,24.1,0.7,23.2,2.0
2024-08-14,25.1,0.0,11.3,25.2,0.9,26.1,0.0
2024-08-15,27.9,0.0,17.1,26.3,1.1,27.0,5.2
2024-08-16,29.4,1.3,17.0,28.3,2.2,31.5,7.1
2024-08-17,30.2,1.8,17.4,31.2,3.1,28.5,0.7
2024-08-18,29.5,2.7,16.1,28.4,5.4,32.5,2.5
2024-08-19,25.0,1.1,21.4,25.3,1.5,20.3,0.0
2024-08-20,24.0,0.0,15.2,24.1,1.4,24.4,2.6
2024-08-21,26.1,2.9,19.6,25.1,2.7,32.9,5.8
2024-08-22,20.4,0.3,20.8,23.6,3.2,16.9,0.0
2024-08-23,24.5,0.0,20.3,25.5,0.0,22.1,5.6
2024-08-24,28.2,0.0,13.7,25.2,3.6,30.0,0.0
2024-08-25,32.0,0.5,23.8,32.3,0.4,32.6,3.3
2024-08-26,21.8,0.6,13.2,20.8,0.0,23.0,0.0
2024-08-27,23.1,0.0,15.9,24.4,0.3,24.8,0.0
2024-08-28,26.1,0.0,13.0,24.9,0.0,28.3,0.0
2024-08-29,30.1,0.0,12.5,29.9,1.7,34.0,1.1
2024-08-30,30.7,0.0,12.9,31.5,0.0,32.1,0.0
2024-08-31,22.5,1.4,17.6,23.8,0.5,21.7,0.7
2024-09-01,21.3,0.0,10.1,19.5,0.0,23.7,4.1
2024-09-02,24.0,0.0,15.3,23.5,0.0,30.6,0.0
2024-09-03,29.2,0.0,15.8,28.5,0.0,28.7,0.0
2024-09-04,28.4,0.9,16.7,27.4,0.0,25.0,9.6
2024-09-05,27.4,0.0,22.4,30.0,1.5,31.3,6.9
2024-09-06,27.5,0.0,20.9,28.1,1.6,27.1,0.0
2024-09-07,28.4,0.0,20.1,26.5,0.9,20.8,3.4
2024-09-08,27.0,0.0,22.6,28.4,0.0,30.0,0.0
2024-09-09,26.4,0.0,31.8,29.6,0.0,24.5,1.3
2024-09-10,21.6,16.6,16.0,23.1,16.6,21.3,18.1
2024-09-11,20.6,0.4,22.0,18.3,0.0,21.8,0.0
2024-09-12,20.8,0.8,13.0,20.1,3.8,21.5,0.0
2024-09-13,19.1,0.5,15.9,21.0,2.3,21.6,0.0
2024-09-14,20.0,2.8,19.1,18.9,2.4,18.5,0.0
2024-09-15,22.2,2.8,20.2,22.9,2.9,24.0,0.0
2024-09-16,25.1,0.0,21.0,26.3,0.4,24.2,0.0
2024-09-17,25.4,0.0,10.9,24.0,0.0,28.0,0.0
2024-09-18,24.5,0.0,11.9,24.4,0.0,26.7,3.4
2024-09-19,22.7,0.0,16.0,17.8,0.0,19.4,7.4
2024-09-20,23.0,0.0,10.9,21.5,0.0,26.8,0.0
2024-09-21,22.2,0.0,9.8,21.8,0.0,20.3,1.2
2024-09-22,21.7,0.0,8.5,19.8,3.6,24.5,2.5
2024-09-23,22.5,0.0,14.8,24.9,1.3,23.8,2.4
2024-09-24,24.0,0.0,21.7,21.9,0.0,30.4,0.4
2024-09-25,20.1,1.0,24.3,19.4,2.1,19.3,4.7
2024-09-26,20.7,0.7,23.6,20.9,3.5,19.5,3.1
2024-09-27,20.7,1.4,29.5,22.9,3.2,20.6,0.0
2024-09-28,16.6,3.1,32.2,14.4,3.2,15.5,7.4
2024-09-29,13.8,0.1,19.8,15.5,0.0,16.6,4.5
2024-09-30,13.4,0.0,13.8,13.4,1.4,7.7,0.0
2024-10-01,9.3,1.5,13.0,7.8,2.3,5.6,1.7
2024-10-02,13.3,2.8,13.3,14.0,4.6,9.6,6.2
2024-10-03,10.4,14.5,18.3,10.7,15.8,13.7,13.5
2024-10-04,11.2,0.2,17.7,10.3,2.3,17.2,5.6
2024-10-05,11.6,0.2,14.8,11.7,0.0,11.2,12.0
2024-10-06,11.9,0.3,11.1,11.3,2.9,11.3,0.0
2024-10-07,11.6,5.3,8.1,11.8,5.7,11.8,0.0
2024-10-08,16.5,0.0,17.2,17.5,4.2,20.6,1.5
2024-10-09,19.6,2.3,25.6,22.0,0.9,16.4,5.9
2024-10-10,20.0,1.0,28.3,18.1,4.5,20.8,0.0
2024-10-11,13.3,0.3,23.0,16.5,0.7,16.7,7.6
2024-10-12,13.1,0.0,12.5,10.2,0.0,14.9,0.0
2024-10-13,10.1,7.8,24.2,9.9,6.8,10.8,11.3
2024-10-14,10.7,5.1,25.4,11.6,4.5,14.2,2.1
2024-10-15,12.1,0.3,14.8,12.5,1.1,2.6,8.9
2024-10-16,10.2,0.0,12.6,9.3,1.0,12.6,10.0
2024-10-17,11.0,0.0,21.5,10.7,0.0,8.7,0.0
2024-10-18,13.5,0.0,20.5,12.8,0.0,7.1,0.0
2024-10-19,11.6,0.0,18.2,10.7,4.3,13.4,4.3
2024-10-20,11.9,0.0,18.2,13.2,3.5,16.7,0.0
2024-10-21,12.5,1.6,17.8,13.0,2.5,12.0,1.4
2024-10-22,15.2,1.5,23.2,14.2,1.6,18.5,1.6
2024-10-23,13.5,0.0,22.5,14.8,0.2,19.1,0.0
2024-10-24,11.9,0.0,16.5,12.4,1.2,16.5,0.0
2024-10-25,10.4,0.0,14.8,11.6,0.0,16.1,0.0
2024-10-26,14.6,1.2,12.4,15.5,0.7,17.2,0.0
2024-10-27,12.8,0.0,15.5,11.6,0.0,13.1,7.2
2024-10-28,11.5,0.1,20.5,10.7,0.9,5.9,0.0
2024-10-29,13.0,0.2,12.8,14.1,1.5,12.1,4.3
2024-10-30,13.6,0.6,22.7,14.5,0.0,10.6,0.0
2024-10-31,10.8,0.0,28.3,10.8,3.1,18.4,0.0
2024-11-01,14.2,1.7,41.4,14.4,0.0,13.6,5.7
2024-11-02,8.6,0.0,28.7,10.5,0.0,9.0,1.7
2024-11-03,8.6,0.5,28.8,7.7,0.9,10.5,3.4
2024-11-04,9.8,0.2,23.3,10.6,2.3,10.0,5.0
2024-11-05,8.9,0.0,13.3,8.6,3.4,14.8,0.0
2024-11-06,6.7,0.0,9.3,6.4,0.0,4.5,0.0
2024-11-07,6.2,1.1,11.2,7.8,3.3,6.9,0.0
2024-11-08,8.0,0.1,6.3,9.2,0.0,5.4,0.0
2024-11-09,5.6,0.0,12.1,6.8,0.0,1.0,14.7
2024-11-10,4.8,0.0,13.1,6.8,1.8,2.7,6.2
2024-11-11,2.8,0.0,13.3,2.8,1.3,2.7,0.0
2024-11-12,3.2,0.6,6.7,4.2,0.0,1.7,0.0
2024-11-13,2.0,0.7,6.2,1.5,3.7,-0.4,3.1
2024-11-14,5.3,1.7,18.1,5.8,4.5,0.4,4.4
2024-11-15,7.3,0.0,16.2,7.1,0.0,7.0,2.7
2024-11-16,8.6,0.0,23.3,8.7,0.8,3.3,0.0
2024-11-17,5.2,2.1,24.4,6.1,3.1,7.9,1.5
2024-11-18,4.7,0.9,26.4,3.5,1.4,5.0,2.5
2024-11-19,5.8,6.5,27.7,8.9,5.4,0.7,6.9
2024-11-20,7.7,3.5,31.4,6.2,2.2,6.6,0.0
2024-11-21,2.2,1.8,26.5,0.4,1.7,-0.4,0.7
2024-11-22,2.0,0.1,21.9,3.7,2.4,3.1,0.0
2024-11-23,1.5,1.6,25.5,2.7,2.7,6.2,2.5
2024-11-24,2.4,0.5,20.0,3.3,0.0,-4.2,15.4
2024-11-25,8.1,0.0,22.1,9.0,1.5,8.5,1.8
2024-11-26,6.4,7.6,21.1,6.4,1.9,5.8,6.0
2024-11-27,5.8,0.5,15.1,4.5,2.8,8.1,5.1
2024-11-28,4.4,5.2,19.8,4.5,1.7,5.1,7.6
2024-11-29,4.5,0.1,16.1,3.5,0.0,1.9,2.2
2024-11-30,5.3,0.0,12.7,6.8,0.0,4.2,3.0
2024-12-01,3.8,0.0,14.5,3.6,0.0,1.0,10.3
2024-12-02,4.8,0.0,19.6,3.6,2.3,8.6,0.0
2024-12-03,4.0,10.7,14.7,3.5,9.8,4.1,13.1
2024-12-04,3.8,3.4,9.0,4.4,4.1,10.5,0.0
2024-12-05,4.1,0.4,11.1,3.3,0.3,3.9,3.2
2024-12-06,2.0,0.4,24.6,0.8,1.4,-0.5,0.0
2024-12-07,2.3,0.0,17.8,2.7,0.2,-3.0,0.0
2024-12-08,3.5,1.1,15.9,3.9,0.0,-2.8,0.0
2024-12-09,3.3,0.0,17.7,2.5,2.0,-2.2,4.9
2024-12-10,1.8,0.0,17.2,1.1,0.0,2.7,4.6
2024-12-11,2.8,0.1,13.2,3.1,0.0,4.6,0.0
2024-12-12,2.3,0.0,19.4,0.1,0.0,-3.2,0.3
2024-12-13,0.3,0.0,14.4,-1.8,3.0,3.4,0.0
2024-12-14,-0.2,0.0,22.5,-1.3,1.7,-1.9,0.0
2024-12-15,3.7,0.8,28.6,3.4,0.1,4.2,0.0
2024-12-16,8.4,6.8,38.3,8.9,6.1,14.0,5.3
2024-12-17,6.9,13.4,30.2,9.1,12.8,10.0,25.5
2024-12-18,7.7,0.6,22.3,9.0,4.8,6.8,2.8
2024-12-19,9.4,0.4,23.1,9.2,1.2,6.3,0.0
2024-12-20,8.6,1.1,28.4,8.6,2.0,1.1,0.0
2024-12-21,4.2,0.2,22.8,2.7,2.3,1.7,5.3
2024-12-22,4.1,1.4,23.9,4.1,1.9,3.4,11.8
2024-12-23,4.0,0.3,13.4,3.6,0.0,0.5,0.0
2024-12-24,4.2,0.1,6.4,4.7,0.0,3.7,0.0
2024-12-25,3.8,0.0,14.1,2.6,0.0,4.1,9.4
2024-12-26,4.7,0.0,13.6,5.5,0.0,3.9,1.9
2024-12-27,4.9,0.1,9.2,7.2,1.6,2.6,0.0
2024-12-28,3.8,1.7,10.7,3.6,1.8,4.4,4.4
2024-12-29,3.8,0.0,15.7,4.4,1.5,5.3,0.0
2024-12-30,4.1,0.3,27.3,5.1,0.1,0.3,0.3
2024-12-31,5.9,0.8,26.2,5.3,1.0,10.8,2.4
2025-01-01,6.7,0.7,35.1,7.0,0.0,6.4,5.3
2025-01-02,6.7,3.6,33.7,6.7,5.4,6.8,0.0
2025-01-03,1.1,1.0,26.2,1.2,1.7,3.6,1.4
2025-01-04,-1.9,3.3,25.9,-3.1,5.3,-1.1,0.0
2025-01-05,-0.6,0.0,22.2,-0.6,0.0,2.7,1.3
2025-01-06,2.8,4.3,21.1,3.5,8.5,3.8,0.0
2025-01-07,3.0,2.1,20.2,5.2,1.8,0.9,0.1
2025-01-08,2.3,0.7,22.2,3.7,2.9,3.6,0.0
2025-01-09,2.8,1.4,18.8,6.0,0.0,-1.2,4.7
2025-01-10,4.2,2.7,27.9,3.0,3.9,4.6,7.0
2025-01-11,0.3,2.5,23.3,1.6,0.4,0.2,1.3
2025-01-12,0.3,1.4,21.5,0.6,0.2,-0.4,1.6
2025-01-13,0.9,0.1,19.5,4.2,3.9,0.5,0.0
2025-01-14,0.6,4.4,20.0,-0.6,4.0,-6.0,2.9
2025-01-15,2.6,0.4,15.5,1.3,0.8,0.7,0.1
2025-01-16,2.3,0.1,19.4,1.4,1.8,2.6,13.2
2025-01-17,3.5,0.0,18.0,0.3,1.0,4.1,0.0
2025-01-18,3.6,0.0,19.0,2.8,0.3,0.0,7.3
2025-01-19,3.3,0.0,12.0,2.2,0.7,7.7,5.0
2025-01-20,1.9,0.0,11.4,2.1,4.8,-1.1,1.4
2025-01-21,3.0,0.0,11.2,3.5,0.0,6.4,8.8
2025-01-22,1.0,0.0,10.3,3.8,0.4,2.5,1.9
2025-01-23,1.5,0.3,20.0,2.9,2.4,-0.8,2.2
2025-01-24,5.0,0.1,18.8,4.1,2.3,11.2,0.0
2025-01-25,6.9,0.9,20.9,5.6,3.3,2.7,7.0
2025-01-26,7.2,0.1,18.3,7.9,1.4,10.4,5.6
2025-01-27,7.3,0.0,17.6,5.3,0.0,10.8,0.0
2025-01-28,8.6,2.6,17.0,11.3,5.9,6.3,0.0
2025-01-29,8.2,1.2,19.2,10.0,0.0,13.1,0.2
2025-01-30,8.8,0.0,17.6,8.1,0.6,7.9,0.0
2025-01-31,4.2,12.4,28.8,1.6,10.9,5.2,12.1
2025-02-01,3.7,1.2,24.6,5.7,1.1,4.6,7.4
2025-02-02,1.3,0.4,16.8,1.1,1.1,0.8,0.0
2025-02-03,1.4,0.1,19.0,3.3,0.7,4.2,0.0
2025-02-04,4.4,1.1,11.9,2.0,1.9,7.2,1.4
2025-02-05,4.8,0.0,9.2,3.9,3.2,-1.3,4.2
2025-02-06,6.4,1.3,14.4,6.4,2.2,11.0,0.0
2025-02-07,1.5,0.7,21.9,1.6,0.2,-4.3,0.0
2025-02-08,-0.7,0.0,23.9,-1.4,1.9,2.9,1.1
2025-02-09,0.4,0.0,18.8,1.3,2.4,4.3,6.0
2025-02-10,-2.9,0.0,11.3,-4.5,0.0,-6.7,0.0
2025-02-11,-4.0,0.0,18.4,-4.2,1.2,-5.4,0.0
2025-02-12,0.2,0.0,16.9,0.4,1.4,-3.7,3.1
2025-02-13,1.0,0.0,10.9,1.8,0.0,0.2,0.0
2025-02-14,-1.2,0.0,18.3,-0.1,2.8,-2.3,0.0
2025-02-15,0.1,0.2,18.4,-1.6,0.0,2.8,0.0
2025-02-16,-2.6,0.8,15.2,-4.9,1.1,2.0,0.0
2025-02-17,-1.6,0.2,20.2,0.3,0.0,3.3,0.0
2025-02-18,0.3,0.7,16.8,0.8,0.7,-1.7,0.0
2025-02-19,0.6,0.0,12.7,-0.5,0.0,-0.1,4.5
2025-02-20,-0.4,0.0,11.0,1.9,0.0,-6.3,6.4
2025-02-21,-0.2,0.0,21.3,-0.0,3.2,-3.0,3.3
2025-02-22,3.6,0.0,17.8,5.4,0.0,7.0,0.0
2025-02-23,5.6,0.0,16.0,5.7,0.0,11.3,0.0
2025-02-24,7.4,0.0,8.7,10.5,0.0,3.1,0.0
2025-02-25,6.2,0.1,16.5,8.8,0.0,4.1,3.1
2025-02-26,7.6,0.0,8.3,7.2,0.0,7.5,3.3
2025-02-27,7.2,0.4,10.8,8.7,3.7,8.2,0.0
2025-02-28,4.2,5.4,9.9,5.2,7.4,1.4,5.8
2025-03-01,2.2,2.7,14.9,4.3,1.3,3.7,5.0
2025-03-02,4.0,0.2,21.5,2.6,4.7,2.3,7.5
2025-03-03,7.2,0.0,29.8,8.2,2.0,7.1,3.5
2025-03-04,9.4,0.0,29.5,11.0,0.0,11.3,3.9
2025-03-05,12.7,0.0,27.0,10.1,0.0,12.7,0.4
2025-03-06,16.8,0.0,24.4,15.0,4.6,15.3,7.1
2025-03-07,15.2,0.0,12.6,12.1,0.0,14.8,2.0
2025-03-08,15.2,0.0,6.0,14.8,0.0,14.9,0.0
2025-03-09,14.7,0.0,10.2,15.8,2.0,13.4,7.0
2025-03-10,16.9,0.0,11.1,19.2,4.9,16.0,3.5
2025-03-11,13.8,0.0,15.3,13.9,2.8,19.4,0.0
2025-03-12,11.6,0.7,11.3,14.0,1.8,13.6,0.0
2025-03-13,9.6,23.1,23.7,7.5,24.3,8.6,24.6
2025-03-14,4.2,2.9,23.9,1.6,4.6,6.6,5.2
2025-03-15,5.7,0.0,9.7,5.6,1.5,4.5,1.0
2025-03-16,7.7,1.3,24.3,8.3,1.9,11.8,2.9
2025-03-17,2.8,0.1,22.8,2.8,0.3,4.1,8.6
2025-03-18,6.8,0.0,28.1,3.7,0.0,6.4,5.4
2025-03-19,9.1,0.0,17.3,9.0,0.0,10.7,1.0
2025-03-20,12.8,0.0,12.4,10.8,0.0,7.3,4.7
2025-03-21,13.1,0.0,12.6,14.1,0.0,9.2,0.0
2025-03-22,13.1,0.1,27.2,13.6,0.0,8.9,2.1
2025-03-23,11.1,0.0,24.5,9.7,0.0,11.6,9.0
2025-03-24,7.7,0.0,15.3,6.9,0.0,13.8,0.0
2025-03-25,12.4,0.0,12.1,10.8,0.4,20.2,0.0
2025-03-26,7.0,2.9,13.4,6.9,5.7,9.2,0.0
2025-03-27,9.1,0.2,12.3,10.5,2.0,10.9,0.0
2025-03-28,13.8,0.0,11.1,12.3,0.0,7.5,0.0
2025-03-29,15.9,0.0,15.4,16.7,0.0,14.0,0.0
2025-03-30,14.4,6.0,18.0,13.6,7.9,11.6,0.0
2025-03-31,8.2,6.4,19.3,7.0,4.4,6.0,6.5
2025-04-01,14.2,0.0,19.5,14.0,0.0,13.6,4.5
2025-04-02,15.2,0.0,21.6,13.6,1.1,13.5,0.0
2025-04-03,18.0,0.0,14.8,17.2,0.0,11.1,7.6
2025-04-04,16.2,0.0,22.4,14.4,0.2,18.8,2.6
2025-04-05,6.0,4.2,36.1,8.9,1.5,2.2,9.4
2025-04-06,2.6,0.0,31.8,2.7,0.0,3.4,0.0
2025-04-07,5.6,0.6,20.1,4.6,1.2,12.9,4.9
2025-04-08,7.7,0.0,23.5,8.0,0.0,4.5,0.0
2025-04-09,10.4,2.2,24.1,10.2,3.1,1.5,6.7
2025-04-10,4.8,0.7,31.4,4.5,0.7,3.8,1.6
2025-04-11,10.9,6.3,23.7,11.8,7.4,14.8,9.1
2025-04-12,15.1,0.0,21.5,16.2,0.4,22.0,0.0
2025-04-13,18.6,0.0,16.3,17.8,2.7,14.3,0.0
2025-04-14,20.4,3.7,15.0,19.5,4.0,22.1,6.7
2025-04-15,20.4,0.0,23.4,20.0,0.0,18.8,0.0
2025-04-16,19.4,2.7,19.8,15.9,2.9,19.0,5.0
2025-04-17,26.2,0.0,16.4,23.9,1.1,35.5,0.0
2025-04-18,26.4,2.5,17.2,28.5,2.6,21.1,6.7
2025-04-19,20.0,0.0,18.0,22.5,0.1,20.9,0.0
2025-04-20,21.2,0.1,17.2,20.8,0.0,22.8,2.9
2025-04-21,22.5,0.0,11.6,23.4,0.0,26.3,3.1
2025-04-22,19.9,0.2,16.8,20.4,0.0,20.2,0.0
2025-04-23,18.0,0.0,8.0,22.6,3.5,19.1,2.9
2025-04-24,18.0,0.2,17.0,19.7,0.0,16.6,1.5
2025-04-25,12.7,0.0,22.3,12.5,0.0,13.6,0.0
2025-04-26,10.4,0.0,19.5,9.0,0.0,9.2,0.0
2025-04-27,10.8,0.0,10.2,8.4,1.8,13.0,0.0
2025-04-28,16.1,0.0,11.9,16.4,0.0,14.8,1.7
2025-04-29,16.2,0.0,24.5,15.1,2.5,17.5,0.0
2025-04-30,18.8,0.1,22.6,16.7,0.0,18.7,0.6
2025-05-01,14.6,0.3,13.1,13.6,0.9,18.5,0.0
2025-05-02,21.0,0.7,20.9,19.4,0.0,20.8,4.1
2025-05-03,18.1,0.0,21.3,20.6,4.3,11.9,0.0
2025-05-04,12.1,12.7,20.9,13.4,10.3,16.5,11.1
2025-05-05,10.4,0.2,20.8,10.4,0.8,7.2,3.9
2025-05-06,13.1,0.0,15.7,15.3,1.3,10.8,1.7
2025-05-07,9.7,0.1,24.1,9.8,0.9,7.6,1.7
2025-05-08,8.9,0.0,18.7,7.6,0.0,13.7,2.3
2025-05-09,8.6,3.8,14.8,10.9,3.5,1.1,0.0
2025-05-10,9.5,2.7,14.4,10.3,2.8,20.5,6.5
2025-05-11,11.9,0.1,14.3,10.3,0.0,15.6,3.2
2025-05-12,12.9,0.0,16.5,12.6,1.9,13.7,0.0
2025-05-13,14.1,0.0,13.5,12.8,4.4,13.9,0.0
2025-05-14,13.6,8.0,24.7,11.5,6.9,14.6,7.8
2025-05-15,9.2,4.4,19.9,10.6,1.7,11.0,3.7
2025-05-16,7.9,11.7,22.5,10.8,11.5,10.2,13.4
2025-05-17,6.7,14.7,23.7,4.6,19.9,8.6,21.9
2025-05-18,12.2,0.9,6.9,13.0,0.0,12.5,6.3
2025-05-19,15.4,0.9,13.6,14.4,4.2,14.7,0.0
2025-05-20,19.5,0.0,18.8,18.8,3.4,19.0,3.1
2025-05-21,20.8,0.4,21.0,19.9,0.0,20.1,7.0
2025-05-22,18.8,1.5,17.4,17.5,2.6,22.8,3.4
2025-05-23,15.2,0.8,12.5,15.3,4.1,17.3,6.3
2025-05-24,15.6,0.0,12.6,14.4,0.0,5.3,10.1
2025-05-25,18.5,0.0,11.2,18.9,0.0,20.8,5.1
2025-05-26,21.0,0.0,18.8,20.9,0.0,21.7,1.2
2025-05-27,19.7,0.0,9.2,19.3,0.0,19.6,5.2
2025-05-28,22.0,0.0,8.4,20.6,0.0,20.6,0.7
2025-05-29,15.2,5.0,27.7,14.3,2.6,19.1,5.1
2025-05-30,20.5,0.0,20.7,21.6,0.1,23.8,0.0
2025-05-31,20.5,1.0,19.0,21.3,0.0,17.8,8.8
2025-06-01,22.5,0.0,11.0,21.0,0.5,23.9,0.0
2025-06-02,21.5,2.2,18.0,21.6,0.0,18.1,9.9
2025-06-03,21.7,4.3,22.8,22.8,5.0,16.9,6.8
2025-06-04,23.8,0.0,20.1,21.3,1.7,21.6,0.0
2025-06-05,21.0,6.5,16.4,21.8,2.5,24.0,8.3
2025-06-06,22.5,0.5,23.2,21.5,1.2,25.8,0.0
2025-06-07,23.5,3.9,16.9,24.4,6.4,25.3,7.0
2025-06-08,22.0,3.1,19.3,20.9,0.7,24.5,7.5
2025-06-09,16.6,2.8,31.2,13.9,6.1,18.4,0.0
2025-06-10,18.0,1.3,19.8,15.6,2.1,15.8,1.9
2025-06-11,17.1,8.6,25.0,17.2,7.2,18.6,18.4
2025-06-12,15.8,0.7,29.0,16.2,0.6,18.6,0.0
2025-06-13,19.9,0.0,20.2,18.5,1.1,22.5,0.0
2025-06-14,21.0,0.0,11.9,22.0,0.2,25.2,7.4
2025-06-15,24.4,0.0,7.5,21.9,1.1,26.9,9.8
2025-06-16,28.1,0.3,27.1,28.0,0.0,29.3,0.3
2025-06-17,21.0,0.2,25.7,19.2,0.5,24.7,5.3
2025-06-18,23.3,0.4,28.0,22.3,0.0,23.2,7.1
2025-06-19,17.9,0.2,35.6,18.0,0.0,14.8,0.0
2025-06-20,18.9,0.2,30.9,17.6,0.0,18.3,0.0
2025-06-21,22.2,0.0,22.3,21.6,0.0,19.6,6.2
2025-06-22,20.5,0.0,24.1,22.0,2.5,18.1,8.4
2025-06-23,26.5,2.6,28.3,25.6,4.8,26.0,5.4
2025-06-24,19.9,0.8,31.1,21.2,2.0,17.1,0.0
2025-06-25,20.1,9.4,31.9,18.4,7.2,19.0,19.3
2025-06-26,23.6,0.0,15.7,24.4,0.0,17.0,0.0
2025-06-27,22.1,4.7,27.0,24.3,7.1,22.8,3.0
2025-06-28,20.8,0.2,28.4,17.1,0.5,20.8,1.9
2025-06-29,23.5,1.2,30.9,22.3,5.8,20.6,9.0
2025-06-30,19.7,0.0,31.8,20.6,0.8,22.0,4.3
2025-07-01,24.2,0.0,19.5,23.9,0.4,27.5,2.1
2025-07-02,30.3,0.0,7.6,30.9,0.0,24.7,2.3
2025-07-03,33.2,0.9,25.1,32.3,1.2,30.5,1.1
2025-07-04,22.3,0.0,20.4,22.4,0.0,19.6,2.8
2025-07-05,24.0,0.0,16.8,23.8,1.4,20.7,0.0
2025-07-06,28.0,0.0,16.0,29.8,1.9,30.9,0.0
2025-07-07,23.0,3.3,14.2,23.4,1.7,22.3,4.5
2025-07-08,23.5,8.5,13.5,24.0,5.8,22.6,2.7
2025-07-09,16.2,10.8,22.1,15.6,7.1,9.2,12.7
2025-07-10,17.8,8.0,26.2,17.1,9.0,20.0,7.0
2025-07-11,18.5,4.8,19.4,17.9,2.6,14.2,13.6
2025-07-12,19.8,5.3,22.7,20.4,1.0,20.0,13.2
2025-07-13,24.9,0.8,18.8,24.3,1.6,25.9,0.0
2025-07-14,24.0,2.6,14.1,24.4,7.6,28.8,1.8
2025-07-15,22.9,1.4,11.8,26.0,1.4,18.3,1.0
2025-07-16,17.5,21.4,13.8,18.8,23.1,6.9,19.1
2025-07-17,21.5,3.4,16.5,21.0,3.6,22.1,4.4
2025-07-18,22.0,1.3,16.8,23.8,1.1,28.3,0.0
2025-07-19,23.0,3.6,10.6,22.4,5.4,27.3,0.0
2025-07-20,23.5,3.0,15.5,20.4,2.4,24.2,6.1
2025-07-21,26.1,1.1,10.3,24.6,1.6,24.4,4.2
2025-07-22,26.1,1.0,20.2,23.3,1.6,28.9,0.0
2025-07-23,22.0,1.8,17.5,21.5,0.5,18.6,6.3
2025-07-24,20.1,16.1,15.8,20.1,18.1,21.8,12.9
2025-07-25,23.8,0.3,13.0,26.3,0.0,25.6,1.6
2025-07-26,24.7,1.6,12.9,25.2,0.1,28.4,5.7
2025-07-27,24.6,1.6,14.7,24.3,2.7,34.3,1.4
2025-07-28,22.9,21.7,13.8,24.1,19.9,24.3,24.0
2025-07-29,18.4,8.3,22.8,15.1,8.4,16.6,5.7
2025-07-30,21.5,0.0,19.2,21.9,0.0,21.4,0.0
2025-07-31,21.9,0.8,11.2,23.1,3.0,15.7,0.0
2025-08-01,21.0,2.3,12.2,18.8,3.2,18.6,0.0
2025-08-02,23.5,0.7,12.7,25.2,0.6,22.1,0.0
2025-08-03,27.0,4.3,17.8,27.5,5.9,25.2,0.0
2025-08-04,21.5,0.6,15.3,20.9,3.4,22.0,0.0
2025-08-05,23.2,10.9,25.0,24.1,12.0,20.3,9.5
2025-08-06,19.3,1.2,23.4,22.7,1.2,23.2,0.0
2025-08-07,20.6,0.1,17.3,20.9,0.0,20.6,0.0
2025-08-08,21.4,1.2,13.7,21.8,0.0,21.4,0.9
2025-08-09,25.4,0.0,9.4,24.7,0.0,24.3,2.4
2025-08-10,22.1,1.4,22.1,20.8,0.2,22.6,5.8
2025-08-11,20.9,0.1,17.9,22.1,0.0,23.8,0.0
2025-08-12,23.0,0.0,10.4,21.7,0.1,20.0,0.0
2025-08-13,26.0,0.0,11.2,26.1,1.1,23.7,0.0
2025-08-14,27.3,0.0,12.4,26.6,0.0,26.2,0.0
2025-08-15,28.6,0.0,14.4,29.3,1.0,23.9,0.0
2025-08-16,24.9,0.0,21.7,25.4,0.1,22.0,0.0
2025-08-17,20.8,0.1,24.1,22.4,0.0,19.1,0.0
2025-08-18,20.5,0.1,16.1,19.7,0.0,23.6,0.0
2025-08-19,23.7,0.0,12.8,23.3,0.0,24.6,0.9
2025-08-20,20.5,0.2,19.6,19.0,0.0,21.2,3.2
2025-08-21,19.1,0.0,9.8,18.4,1.2,22.1,0.0
2025-08-22,19.9,0.2,21.5,20.5,3.3,19.4,0.0
2025-08-23,15.4,2.4,18.1,16.5,4.8,16.8,0.0
2025-08-24,15.8,6.0,26.5,14.4,5.6,15.4,5.8
2025-08-25,15.7,4.0,23.9,17.0,7.0,16.6,0.0
2025-08-26,16.5,0.6,13.9,18.5,0.9,14.5,3.5
2025-08-27,20.0,0.0,12.2,20.6,0.0,11.5,0.0
2025-08-28,26.8,0.0,18.5,29.6,0.0,26.3,0.0
2025-08-29,27.8,0.0,22.7,26.6,0.0,32.8,1.5
2025-08-30,23.2,1.3,10.5,21.3,0.5,26.4,2.2
2025-08-31,21.6,0.7,15.0,18.9,1.0,25.0,14.2
2025-09-01,22.8,0.0,9.7,25.0,0.3,27.1,1.7
2025-09-02,26.9,1.9,17.4,27.9,1.9,27.2,0.0
2025-09-03,20.0,2.3,9.8,19.9,3.2,20.7,1.8
2025-09-04,24.0,0.0,6.5,24.4,2.4,21.8,0.0
2025-09-05,27.2,0.6,11.4,25.5,2.5,26.1,0.2
2025-09-06,22.0,12.2,13.0,25.7,9.2,24.2,8.0
2025-09-07,21.9,0.8,13.7,22.1,0.0,26.1,5.4
2025-09-08,22.5,0.0,17.5,22.7,1.9,22.0,0.0
2025-09-09,21.9,0.0,18.8,23.0,0.0,20.3,0.0
2025-09-10,23.0,0.8,23.3,23.7,0.4,23.0,0.0
2025-09-11,19.3,14.2,29.3,19.6,11.9,21.4,22.9
2025-09-12,22.1,0.1,12.1,20.9,0.0,17.0,0.0
2025-09-13,22.3,7.8,16.4,23.0,8.9,14.3,17.0
2025-09-14,18.2,14.8,16.2,21.0,16.3,16.3,18.9
2025-09-15,18.9,0.8,19.8,20.9,0.0,14.6,3.2
2025-09-16,19.1,4.6,24.4,21.5,0.0,17.3,6.4
2025-09-17,16.9,0.2,20.0,16.1,0.0,16.4,2.2
2025-09-18,18.7,0.3,21.9,17.2,1.1,17.1,0.0
2025-09-19,21.2,0.8,26.6,21.0,0.0,26.3,0.0
2025-09-20,24.7,0.0,19.1,24.8,0.4,25.8,4.2
2025-09-21,26.6,0.0,16.5,28.2,0.0,27.7,0.0
2025-09-22,18.3,0.1,14.6,15.8,1.3,20.5,0.0
2025-09-23,14.8,1.3,13.1,17.1,1.5,10.8,1.0
2025-09-24,13.8,0.0,14.0,13.6,0.0,17.4,8.5
2025-09-25,14.1,0.0,14.0,13.5,2.4,13.8,6.2
2025-09-26,14.1,0.0,14.3,12.6,0.0,16.4,0.0
2025-09-27,14.8,0.0,10.2,12.3,0.0,11.0,4.8
2025-09-28,14.8,0.2,17.8,16.0,0.0,9.4,0.0
2025-09-29,11.2,0.0,17.9,11.3,0.0,14.1,0.0
2025-09-30,10.9,0.5,17.3,9.0,0.0,12.2,0.0
2025-10-01,12.1,0.0,16.0,10.2,0.0,8.9,7.8
2025-10-02,10.6,0.0,12.0,10.1,3.4,7.6,0.0
2025-10-03,11.9,0.0,8.3,14.4,0.0,15.8,0.0
2025-10-04,11.5,2.2,29.2,11.1,0.0,7.3,0.7
2025-10-05,11.4,6.3,23.6,9.1,9.2,17.1,15.8
2025-10-06,12.8,0.4,19.9,12.4,0.0,9.6,8.5
2025-10-07,14.6,0.0,8.6,14.2,0.0,16.8,11.1
2025-10-08,14.5,0.6,15.4,10.5,2.7,13.3,0.0
2025-10-09,14.1,2.3,14.2,14.0,1.1,16.2,3.8
2025-10-10,13.9,4.8,27.9,13.6,8.5,12.0,0.0
2025-10-11,14.9,0.4,26.1,15.9,1.8,14.3,7.8
2025-10-12,12.4,0.7,29.7,15.2,0.0,12.5,0.0
2025-10-13,11.8,0.4,24.4,13.5,4.7,8.3,1.5
2025-10-14,10.4,0.5,14.8,10.0,0.0,13.0,0.0
2025-10-15,11.2,0.7,17.2,9.5,2.2,9.4,0.0
2025-10-16,10.1,1.0,22.1,14.0,1.6,9.3,0.0
2025-10-17,12.9,4.2,18.4,13.0,6.8,9.4,1.2
2025-10-18,7.8,5.4,26.7,7.8,8.5,-1.2,2.7
2025-10-19,8.3,0.0,12.3,8.3,0.1,7.6,0.0
2025-10-20,7.7,0.0,14.3,8.0,0.0,16.1,4.2
2025-10-21,9.4,0.0,20.7,9.2,0.9,12.1,0.0
2025-10-22,10.6,0.2,15.8,9.7,0.0,10.5,1.3
2025-10-23,13.8,2.0,17.8,13.0,6.0,12.9,8.1
2025-10-24,11.6,17.1,21.2,11.6,17.4,11.7,14.5
2025-10-25,10.1,2.0,22.8,9.3,1.3,12.0,0.0
2025-10-26,10.1,1.4,21.5,9.0,1.8,6.0,0.2
2025-10-27,7.7,4.9,26.8,7.9,2.2,11.6,10.8
2025-10-28,9.1,5.0,24.1,8.7,3.1,11.6,6.0
2025-10-29,11.1,2.7,20.3,13.4,5.1,13.6,0.0
2025-10-30,11.2,4.3,37.1,7.2,3.0,12.7,6.7
2025-10-31,10.9,0.2,36.4,12.5,0.0,11.0,0.0
2025-11-01,10.2,0.0,17.0,12.1,1.1,12.6,3.4
2025-11-02,12.6,8.1,12.8,9.5,10.5,14.7,10.1
2025-11-03,9.6,8.5,14.5,9.1,9.9,8.4,7.0
2025-11-04,11.0,0.0,14.8,10.4,2.0,9.0,0.0
2025-11-05,11.1,0.0,16.8,9.0,0.0,11.5,0.0
2025-11-06,11.9,0.0,13.3,10.7,0.0,17.3,2.7
2025-11-07,9.6,0.0,13.6,7.9,3.0,5.3,6.1
2025-11-08,6.9,0.0,12.2,9.5,0.0,1.8,0.0
2025-11-09,5.2,0.2,10.2,6.6,0.0,5.8,2.5
2025-11-10,6.2,2.5,7.6,8.1,5.2,6.4,0.0
2025-11-11,7.2,0.0,8.3,8.3,1.1,7.8,0.0
2025-11-12,8.4,0.0,14.8,6.7,0.9,9.3,0.0
2025-11-13,10.1,0.0,21.4,9.3,4.3,9.3,0.0
2025-11-14,9.8,7.2,18.0,10.5,5.9,15.0,2.5
2025-11-15,5.5,3.6,14.6,3.7,5.5,-0.1,0.3
2025-11-16,3.1,5.1,16.4,4.2,5.2,0.2,6.6
2025-11-17,4.8,2.5,18.4,4.4,3.0,4.4,1.6
2025-11-18,3.7,0.1,24.3,3.1,3.2,-2.1,0.0
2025-11-19,3.9,0.2,21.6,5.0,1.2,3.3,0.0
2025-11-20,1.8,0.4,15.7,2.5,1.5,7.6,0.0
2025-11-21,2.2,0.0,19.5,1.7,2.1,2.3,2.3
2025-11-22,2.5,0.0,13.8,4.2,0.0,3.3,0.0
2025-11-23,-1.2,0.6,8.0,-2.8,0.0,-5.6,0.0
2025-11-24,-0.6,0.5,16.5,0.3,0.0,-2.8,0.0
2025-11-25,1.3,0.0,15.7,2.2,0.0,-0.0,6.9
2025-11-26,0.4,24.5,20.4,-0.1,28.6,-0.7,22.6
2025-11-27,0.2,4.8,13.8,0.7,2.6,4.7,6.7
2025-11-28,-0.4,0.0,20.4,-2.3,0.0,1.6,0.7
2025-11-29,0.2,0.0,20.4,1.6,0.0,-3.7,0.0
2025-11-30,1.4,0.0,11.8,1.1,0.6,2.3,3.8
2025-12-01,1.4,0.0,8.7,0.6,1.6,3.1,1.1
2025-12-02,1.6,0.0,12.2,3.2,1.7,5.6,2.5
2025-12-03,2.2,0.0,13.7,1.1,0.0,7.7,19.6
2025-12-04,4.5,0.3,11.9,2.4,0.0,0.9,0.0
2025-12-05,7.2,0.0,16.9,4.9,0.6,4.4,8.6
2025-12-06,5.9,1.4,18.9,6.8,0.9,1.5,0.0
2025-12-07,3.7,2.3,16.4,1.8,5.5,2.9,3.7
2025-12-08,6.6,0.0,17.7,9.2,1.0,8.2,0.0
2025-12-09,9.7,2.5,17.1,6.6,4.0,13.2,0.4
2025-12-10,9.5,0.8,16.1,12.0,2.1,9.2,0.0
2025-12-11,9.2,1.2,22.9,9.5,3.5,8.1,2.8
2025-12-12,7.3,2.0,20.0,7.2,2.4,7.8,0.0
2025-12-13,4.7,1.9,19.0,3.9,0.0,1.8,5.7
2025-12-14,6.4,0.2,21.4,7.0,1.0,13.7,0.0
2025-12-15,4.8,0.0,18.6,4.7,0.0,-0.8,0.0
2025-12-16,3.3,0.0,14.2,5.0,0.0,3.9,0.0
2025-12-17,2.8,0.0,12.1,3.0,1.2,9.9,6.3
2025-12-18,2.2,0.0,11.8,2.4,2.5,2.2,0.0
2025-12-19,3.5,0.0,17.1,3.0,0.0,2.8,1.8
2025-12-20,4.2,0.7,18.6,4.1,1.3,2.9,0.0
2025-12-21,4.7,0.0,12.5,5.2,3.4,4.1,3.8
2025-12-22,4.2,0.0,8.5,1.6,0.5,9.0,3.4
2025-12-23,1.8,1.4,17.8,-0.2,6.6,-5.9,10.6
2025-12-24,-5.2,0.0,15.2,-4.1,1.1,0.2,0.0
2025-12-25,-3.0,0.0,19.1,-2.7,0.0,-8.0,3.3
2025-12-26,4.1,0.0,22.1,3.8,1.5,3.2,0.5
2025-12-27,3.6,0.1,29.3,3.6,0.9,2.1,6.6
2025-12-28,3.5,0.0,32.4,4.0,2.6,5.6,0.0
2025-12-29,2.8,0.9,21.8,2.0,2.2,-2.8,4.6
2025-12-30,-2.0,2.8,29.5,-3.2,2.5,-0.4,1.8
2025-12-31,-4.2,0.0,18.3,-3.9,0.0,2.9,0.0
